faq_id,category,question,answer,university_name
1,Admission,When does the admission process start?,The admission process usually starts in June. Please check the official website for exact dates.,GSR University
2,Admission,How can I apply for admission?,Students can apply for admission through the universityâ€™s online admission portal.,GSR University
3,Admission,What are the eligibility criteria for admission?,Eligibility criteria vary by program and are mentioned in the admission guidelines.,GSR University
4,Admission,How can I check my admission status?,You can check your admission status by logging into the admission portal.,GSR University
5,Admission,What documents are required for admission?,"Academic certificates, identity proof, and passport-size photographs are required.",GSR University
6,Fees,What is the tuition fee structure?,The tuition fee structure is available on the official GSR University website.,GSR University
7,Fees,How can I pay my tuition fees?,"Fees can be paid online using net banking, debit card, or credit card.",GSR University
8,Fees,Is there any late fee penalty?,"Yes, late fee penalties may apply as per university rules.",GSR University
9,Fees,How can I get my fee receipt?,Fee receipts can be downloaded from the student portal after payment.,GSR University
10,Fees,What is the fee refund policy?,The fee refund policy is provided in the admission handbook.,GSR University
11,Admission,When does the admission process start?,The admission process usually starts in June. Please check the official website for exact dates.,GSR University
12,Admission,How can I apply for admission?,Students can apply for admission through the universityâ€™s online admission portal.,GSR University
13,Admission,What are the eligibility criteria for admission?,Eligibility criteria vary by program and are mentioned in the admission guidelines.,GSR University
14,Admission,How can I check my admission status?,You can check your admission status by logging into the admission portal.,GSR University
15,Admission,What documents are required for admission?,"Academic certificates, identity proof, and passport-size photographs are required.",GSR University
16,Fees,What is the tuition fee structure?,The tuition fee structure is available on the official GSR University website.,GSR University
17,Fees,How can I pay my tuition fees?,"Fees can be paid online using net banking, debit card, or credit card.",GSR University
18,Fees,Is there any late fee penalty?,"Yes, late fee penalties may apply as per university rules.",GSR University
19,Fees,How can I get my fee receipt?,Fee receipts can be downloaded from the student portal after payment.,GSR University
20,Fees,What is the fee refund policy?,The fee refund policy is provided in the admission handbook.,GSR University
21,Admission,When does the admission process start?,The admission process usually starts in June. Please check the official website for exact dates.,GSR University
22,Admission,How can I apply for admission?,Students can apply for admission through the university's online admission portal.,GSR University
23,Admission,What are the eligibility criteria for admission?,Eligibility criteria vary by program and are mentioned in the admission guidelines.,GSR University
24,Admission,How can I check my admission status?,You can check your admission status by logging into the admission portal.,GSR University
25,Admission,What documents are required for admission?,"Academic certificates, identity proof, and passport-size photographs are required.",GSR University
26,Fees,What is the tuition fee structure?,The tuition fee structure is available on the official GSR University website.,GSR University
27,Fees,How can I pay my tuition fees?,"Fees can be paid online using net banking, debit card, or credit card.",GSR University
28,Fees,Is there any late fee penalty?,"Yes, late fee penalties may apply as per university rules.",GSR University
29,Fees,How can I get my fee receipt?,Fee receipts can be downloaded from the student portal after payment.,GSR University
30,Fees,What is the fee refund policy?,The fee refund policy is provided in the admission handbook.,GSR University
31,Admission,When does the admission process start?,The admission process usually starts in June. Please check the official website for exact dates.,GSR University
32,Admission,How can I apply for admission?,Students can apply for admission through the universityâ€™s online admission portal.,GSR University
33,Admission,What are the eligibility criteria for admission?,Eligibility criteria vary by program and are mentioned in the admission guidelines.,GSR University
34,Admission,How can I check my admission status?,You can check your admission status by logging into the admission portal.,GSR University
35,Admission,What documents are required for admission?,"Academic certificates, identity proof, and passport-size photographs are required.",GSR University
36,Fees,What is the tuition fee structure?,The tuition fee structure is available on the official GSR University website.,GSR University
37,Fees,How can I pay my tuition fees?,"Fees can be paid online using net banking, debit card, or credit card.",GSR University
38,Fees,Is there any late fee penalty?,"Yes, late fee penalties may apply as per university rules.",GSR University
39,Fees,How can I get my fee receipt?,Fee receipts can be downloaded from the student portal after payment.,GSR University
40,Fees,What is the fee refund policy?,The fee refund policy is provided in the admission handbook.,GSR University
41,Admission,When does the admission process start?,The admission process usually starts in June. Please check the official website for exact dates.,GSR University
42,Admission,How can I apply for admission?,Students can apply for admission through the universityâ€™s online admission portal.,GSR University
43,Admission,What are the eligibility criteria for admission?,Eligibility criteria vary by program and are mentioned in the admission guidelines.,GSR University
44,Admission,How can I check my admission status?,You can check your admission status by logging into the admission portal.,GSR University
45,Admission,What documents are required for admission?,"Academic certificates, identity proof, and passport-size photographs are required.",GSR University
46,Fees,What is the tuition fee structure?,The tuition fee structure is available on the official GSR University website.,GSR University
47,Fees,How can I pay my tuition fees?,"Fees can be paid online using net banking, debit card, or credit card.",GSR University
48,Fees,Is there any late fee penalty?,"Yes, late fee penalties may apply as per university rules.",GSR University
49,Fees,How can I get my fee receipt?,Fee receipts can be downloaded from the student portal after payment.,GSR University
50,Fees,What is the fee refund policy?,The fee refund policy is provided in the admission handbook.,GSR University
51,Admission,When does the admission process start?,The admission process usually starts in June. Please check the official website for exact dates.,GSR University
52,Admission,How can I apply for admission?,Students can apply for admission through the universityâ€™s online admission portal.,GSR University
53,Admission,What are the eligibility criteria for admission?,Eligibility criteria vary by program and are mentioned in the admission guidelines.,GSR University
54,Admission,How can I check my admission status?,You can check your admission status by logging into the admission portal.,GSR University
55,Admission,What documents are required for admission?,"Academic certificates, identity proof, and passport-size photographs are required.",GSR University
56,Fees,What is the tuition fee structure?,The tuition fee structure is available on the official GSR University website.,GSR University
57,Fees,How can I pay my tuition fees?,"Fees can be paid online using net banking, debit card, or credit card.",GSR University
58,Fees,Is there any late fee penalty?,"Yes, late fee penalties may apply as per university rules.",GSR University
59,Fees,How can I get my fee receipt?,Fee receipts can be downloaded from the student portal after payment.,GSR University
60,Fees,What is the fee refund policy?,The fee refund policy is provided in the admission handbook.,GSR University
61,Admission,When does the admission process start?,The admission process usually starts in June. Please check the official website for exact dates.,GSR University
62,Admission,How can I apply for admission?,Students can apply for admission through the universityâ€™s online admission portal.,GSR University
63,Admission,What are the eligibility criteria for admission?,Eligibility criteria vary by program and are mentioned in the admission guidelines.,GSR University
64,Admission,How can I check my admission status?,You can check your admission status by logging into the admission portal.,GSR University
65,Admission,What documents are required for admission?,"Academic certificates, identity proof, and passport-size photographs are required.",GSR University
66,Fees,What is the tuition fee structure?,The tuition fee structure is available on the official GSR University website.,GSR University
67,Fees,How can I pay my tuition fees?,"Fees can be paid online using net banking, debit card, or credit card.",GSR University
68,Fees,Is there any late fee penalty?,"Yes, late fee penalties may apply as per university rules.",GSR University
69,Fees,How can I get my fee receipt?,Fee receipts can be downloaded from the student portal after payment.,GSR University
70,Fees,What is the fee refund policy?,The fee refund policy is provided in the admission handbook.,GSR University
71,Admission,When does the admission process start?,The admission process usually starts in June. Please check the official website for exact dates.,GSR University
72,Admission,How can I apply for admission?,Students can apply for admission through the universityâ€™s online admission portal.,GSR University
73,Admission,What are the eligibility criteria for admission?,Eligibility criteria vary by program and are mentioned in the admission guidelines.,GSR University
74,Admission,How can I check my admission status?,You can check your admission status by logging into the admission portal.,GSR University
75,Admission,What documents are required for admission?,"Academic certificates, identity proof, and passport-size photographs are required.",GSR University
76,Fees,What is the tuition fee structure?,The tuition fee structure is available on the official GSR University website.,GSR University
77,Fees,How can I pay my tuition fees?,"Fees can be paid online using net banking, debit card, or credit card.",GSR University
78,Fees,Is there any late fee penalty?,"Yes, late fee penalties may apply as per university rules.",GSR University
79,Fees,How can I get my fee receipt?,Fee receipts can be downloaded from the student portal after payment.,GSR University
80,Fees,What is the fee refund policy?,The fee refund policy is provided in the admission handbook.,GSR University
